Feature1,Feature2,Feature3,Feature4,Target
37.454011884736246,8,D,-1.0909664302151982,0
95.07143064099162,3,C,-0.4108142879545848,0
73.1993941811405,8,D,-1.1057046684859357,0
59.86584841970366,5,D,-0.21492103028873533,1
15.601864044243651,1,B,-0.30803428418574125,1
15.599452033620265,7,B,0.7796605322693398,0
5.8083612168199465,5,C,1.3103087461196083,1
86.61761457749351,6,A,1.395683810789956,1
60.11150117432088,6,B,-0.5621680265783021,0
70.80725777960456,8,A,-0.20922187374452778,0
2.0584494295802447,9,D,-1.6834381922209503,1
96.99098521619943,2,B,-0.8058700664961888,1
83.24426408004217,9,C,0.9648516330974576,0
21.233911067827616,9,C,1.6155828235482317,0
18.182496720710063,7,C,-1.234348871879922,0
18.34045098534338,1,B,-0.5924642591528942,0
30.42422429595377,7,A,-0.02640575695892703,0
52.475643163223786,5,D,0.2801611588196068,1
43.194501864211574,6,A,-0.8096035199216461,1
29.122914019804192,7,A,0.4240610444640897,1
61.18528947223795,5,D,-0.47383934707091613,1
13.949386065204184,7,D,-0.014452270878279104,0
29.214464853521815,9,B,0.5462842480036996,0
36.63618432936917,3,B,0.0064222698109378164,0
45.606998421703594,8,B,-0.4363858905265686,1
78.51759613930136,2,B,-0.10960980392583083,1
19.967378215835975,7,B,-0.08836295920533532,1
51.42344384136116,2,D,-0.3700110298821277,0
59.24145688620425,4,A,-0.25879606266710237,1
4.645041271999773,7,B,1.598647170504717,0
60.75448519014384,3,B,0.5609194479412387,0
17.052412368729154,2,A,-0.29548031802916036,0
6.505159298527952,7,B,0.6969544045107356,0
94.88855372533332,1,A,-0.33381948975600995,0
96.56320330745594,8,A,1.1731246375866413,0
80.83973481164611,3,D,0.3696421921980939,1
30.46137691733707,2,C,-0.10730214400422888,0
9.767211400638388,3,D,0.4477169258102776,0
68.42330265121569,5,C,-1.5708761520684993,1
44.01524937396013,8,C,-1.1267674689098053,0
12.203823484477883,7,C,-1.1939250063990554,1
49.51769101112702,7,B,0.14294309476370676,1
3.4388521115218396,7,D,1.732514999485092,1
90.9320402078782,8,C,2.2313001461926323,0
25.87799816000169,1,A,0.6380511014407572,0
66.2522284353982,4,B,0.5008444749444569,1
31.171107608941096,6,D,-1.801057734152739,0
52.00680211778108,9,C,-0.5426737997340217,0
54.67102793432797,2,A,-0.7877837519082389,1
18.485445552552704,1,D,-0.620847598251116,1
96.95846277645586,2,D,-0.1681438185847896,0
77.51328233611146,7,B,-0.47209057769712737,1
93.9498941564189,3,D,-1.9792998103757877,1
89.48273504276489,2,B,0.7479102561175338,1
59.78999788110851,7,C,-1.0727430257398065,0
92.18742350231169,2,B,0.23924686411114954,0
8.84925020519195,3,A,2.0740826697499735,0
19.59828624191452,7,B,-0.9193845915864234,1
4.522728891053807,4,A,-2.5302875227463297,0
32.53303307632643,1,B,-0.2860042218801108,1
38.8677289689482,5,D,1.100959634998571,0
27.134903177389592,9,C,1.9583474542205939,0
82.87375091519293,8,A,-1.2295495944524168,1
35.67533266935893,9,B,0.4966992232365217,0
28.093450968738075,9,B,-0.46531045678005334,1
54.26960831582485,7,B,-0.10594835430413566,0
14.092422497476264,4,D,2.6443433470170348,0
80.21969807540397,5,D,-1.5029703283951532,1
7.455064367977082,1,A,0.25373966149457344,1
98.68869366005173,1,A,0.4676931717654332,1
77.22447692966574,3,D,1.0857863249393471,0
19.87156815341724,8,A,0.09798315347089544,0
0.5522117123602399,2,C,0.3080505395041023,0
81.54614284548342,4,C,-0.3916485674217911,1
70.68573438476172,2,D,0.26912694124510733,1
72.90071680409874,5,A,-0.3431922754974105,1
77.12703466859458,9,B,0.6215718898560508,0
7.4044651734090365,1,C,-0.36961033604363397,0
35.84657285442726,5,D,0.37710039390218647,1
11.586905952512971,9,A,-0.029262813684978354,0
86.31034258755935,1,D,1.1260502507721681,1
62.329812682755794,9,B,-0.05139372358848624,0
33.08980248526492,8,C,-1.7730324682068814,0
6.355835028602364,4,D,1.2619215007139917,1
31.09823217156622,5,D,-0.9057323008626189,0
32.518332202674706,5,D,-0.6537663386488198,0
72.96061783380641,6,B,-0.5956612940434921,1
63.75574713552131,7,D,1.3744380931708173,1
88.72127425763266,8,B,-2.1356742139786955,0
47.22149251619493,8,B,3.1377485336599937,1
11.959424593830171,2,B,1.0560568090660518,0
71.3244787222995,9,C,0.22323891412915967,1
76.07850486168974,7,C,-0.05489400061628639,0
56.127719756949624,4,D,0.28555407485765694,0
77.0967179954561,4,D,0.5211224283793383,1
49.379559636439076,8,C,0.645215585950057,0
52.27328293819941,4,A,0.5556044660034485,0
42.75410183585496,6,C,0.08958068125524882,1
2.541912674409519,5,B,-0.1973384203073261,1
10.789142699330444,3,C,-0.1512732836535117,0
3.142918568673425,2,B,-0.194908280352681,1
63.64104112637804,9,D,1.1337700968670645,1
31.435598107632668,9,A,0.5935567222808619,0
50.85706911647028,1,D,-2.9403886346642802,0
90.7566473926093,3,B,0.655900776529761,1
24.929222914887493,8,B,0.19473619471877485,1
41.038292303562976,6,B,-0.018708756445897416,1
75.55511385430486,5,A,-0.38851845308888583,0
22.879816549162246,5,C,1.1241127199860135,0
7.697990982879299,6,D,0.9475264621228578,0
28.9751452913768,7,D,-0.7728776678236091,0
16.122128725400444,1,C,0.4070522871245351,0
92.96976523425731,9,D,-0.971656734541286,0
80.8120379564417,3,A,-1.3796181647889305,0
63.34037565104234,4,D,-0.6267172245899651,1
87.14605901877177,1,B,0.8623934723827588,1
80.36720768991145,3,C,0.9531250453760867,0
18.657005888603585,2,A,0.513085420097293,0
89.25589984899777,2,C,0.7250957868479971,0
53.93422419156507,1,A,0.5161782871149584,1
80.74401551640625,8,B,-0.6414815952229522,0
89.60912999234932,3,C,0.43192254467394064,1
31.800347497186387,3,D,0.8004095252276823,1
11.005192452767677,6,A,0.7542913298135743,1
22.793516254194166,8,C,1.188913371474643,1
42.71077886262563,9,D,0.7083038472010638,1
81.80147659224932,9,C,0.3514482075415829,0
86.07305832563435,4,C,1.0701502383164274,0
0.6952130531190703,5,C,-0.026521259249060063,1
51.07473025775657,2,A,-0.8818746512277178,0
41.7411003148779,9,D,-0.16306696394376388,1
22.210781047073024,8,B,-0.7449026448064491,1
11.98653673336828,3,A,-0.6751782749743815,0
33.7615171403628,9,A,-0.14451867071551783,0
94.29097039125192,3,A,-0.7924199209999613,0
32.320293202075526,9,B,-0.3079615296390403,0
51.87906217433661,2,D,-1.8936146669537857,0
70.30189588951778,9,D,0.21329370737293857,1
36.3629602379294,8,D,0.0012054753622242368,0
97.17820827209607,9,C,-0.8170886310681906,0
96.24472949421113,5,C,0.6592456684324051,0
25.178229582536417,2,C,0.9375701376265584,1
49.72485058923854,8,B,-1.6075598643689741,0
30.087830981676966,6,C,-0.7627247785662142,1
28.484049437746762,8,B,-0.7691423497872982,0
3.6886947354532795,5,D,-0.9399031011088647,0
60.956433397989684,2,C,0.8294748419317485,1
50.26790232288615,6,C,-0.19382613877280352,0
5.147875124998935,5,A,-0.26451484131061076,0
27.864646423661142,5,B,-2.0038623644067535,1
90.82658859666537,1,D,0.6354180302092264,0
23.95618906669724,2,A,-1.2392583948534726,1
14.48948720912231,8,A,0.05993263026632825,1
48.9452760277563,3,D,0.2773769379581917,1
98.56504541106007,3,A,1.360658595838651,1
24.20552715115004,8,B,-1.308820399119112,1
67.21355474058785,8,B,-3.0195121558208253,0
76.16196153287176,2,C,0.18384954475369486,0
23.763754399239968,8,A,1.8005111815108537,0
72.82163486118596,1,C,1.2389463529394373,1
36.77831327192532,6,A,0.20965941527462578,1
63.23058305935795,8,B,-0.49163618563204736,1
63.35297107608947,3,B,0.8071225966373103,1
53.57746840747585,8,B,-0.9735461997044687,0
9.02897700544083,1,A,0.47635776935621926,0
83.5302495589238,9,B,0.5054701591666269,1
32.07800649717358,9,A,1.0602099074988798,1
18.651851039985424,5,C,2.7596600389110777,0
4.077514155476392,4,A,0.39241596717876703,1
59.08929431882418,6,C,-0.5089636257074988,1
67.75643618422824,7,A,-0.025574312191994436,1
1.6587828927856152,5,C,-1.7690759048891183,0
51.2093058299281,9,B,-0.6947131310890582,0
22.649577519793795,3,C,-0.409282438113104,1
64.51727904094498,7,B,-0.5240883979345925,0
17.436642900499145,5,B,0.152354872033722,1
69.09377381024659,7,C,-0.8224199323822006,1
38.67353463005374,2,A,1.1210306673244714,0
93.67299887367345,4,A,0.00020706491819709385,1
13.752094414599325,2,D,-0.009300321138614417,1
34.10663510502585,7,A,-0.32789471651291785,0
11.347352124058908,2,D,0.15519068385897913,1
92.46936182785628,1,A,0.8250982646676347,1
87.7339353380981,9,A,-0.8671302157109003,1
25.79416277151556,1,B,-0.6581164890752567,0
65.99840460341791,8,D,-0.30372602877666466,1
81.72222002012158,2,A,-1.345870923473215,0
55.52008115994623,8,D,-0.8192578597214978,1
52.965057835600646,3,B,-0.47622087354465903,1
24.18522909004517,6,B,0.8743891807127275,1
9.310276780589922,3,D,0.26256132900192497,1
89.72157579533267,7,B,0.19358991136754436,0
90.04180571633304,9,C,0.8508979621679722,0
63.31014572732679,2,C,-0.13737178839939665,1
33.90297910487007,5,B,0.3904648499288896,1
34.92095746126609,6,C,-0.10322175293249623,1
72.59556788702393,4,A,0.26536234939962844,1
89.71102599525771,4,D,-0.5827586576115821,1
88.70864242651173,4,A,-2.438817158276429,1
77.98755458576238,2,D,-0.13427916218630415,1
64.20316461542878,4,B,1.42274813609994,1
8.413996499504883,1,A,0.9262154022415924,0
16.162871409461378,6,B,0.9653974845911707,0
89.85541885270793,1,B,1.2361307218062179,0
60.642905965958995,6,D,0.08865759096143744,1
0.9197051616629648,1,D,0.1973157074055956,1
10.147154286603211,6,D,-0.6176518954343502,1
66.35017691080559,8,A,-0.31607285602704976,0
0.5061583846218687,2,C,0.6157711497711416,1
16.080805141749867,2,D,1.2038844371688162,0
54.87337893665861,4,D,-0.13944627568099954,1
69.18951976926932,3,A,-0.4501892648514116,0
65.19612595026005,4,D,0.0005279588565972928,0
22.42693094605598,7,A,0.6012067489291149,0
71.2179221347536,1,B,-1.4438548161335418,1
23.724908749680008,6,D,-2.296180953137238,0
32.539969815926774,3,D,-0.5505368494915835,1
74.64914051180241,7,B,-1.2207124259141586,1
64.96328990472146,2,B,-0.5081401976473109,1
84.9223410494178,2,B,-0.14778031881747153,1
65.76128923003434,4,D,-0.4532484090230134,1
56.830860333547164,1,C,1.4524675344707454,0
9.367476782809248,3,C,0.32674476460232005,1
36.77158030594335,9,C,0.30047435961082836,1
26.520236768172545,7,D,0.6222071440434019,1
24.398964337908357,7,B,-1.1388331177807691,1
97.30105547524455,4,D,1.0391117874202687,1
39.30977246667604,2,B,-0.07576428653545988,0
89.20465551771133,4,D,0.6704806172412126,0
63.11386259972629,6,D,-1.0718572330401555,1
79.48113035416485,3,B,-1.5537587660160643,0
50.26370931051921,1,C,0.8178896580250287,0
57.69038846263591,8,B,0.3764095260975166,1
49.25176938188639,5,A,-0.9020515543575104,0
19.52429877980445,5,A,-0.8696630812746944,1
72.24521152615053,4,B,1.1254347844147694,0
28.07723624408558,6,D,-1.1894118928673278,0
2.431596643145384,3,A,1.6426729532559634,0
64.54722959071678,9,A,-0.9006207346478687,1
17.711067940704893,5,D,0.638391925608383,0
94.04585843529144,3,D,-0.3286184757489846,0
95.39285770025873,1,C,0.6031874310823431,1
91.48643902204485,6,D,-0.5441140021141926,1
37.01587002554444,2,B,-0.1627929060722942,0
1.5456616528867428,3,B,0.04091917539572113,1
92.83185625877253,1,C,-1.0021874557814727,0
42.81841483173143,9,A,0.7408243454201259,0
96.66548190436696,8,A,-0.5132135664715852,1
96.36199770892529,2,D,-0.22859991534001858,1
85.300945546736,8,B,-0.9943493746085122,1
29.444889206958567,9,A,-2.5623336587953105,0
38.50977286019253,1,C,-0.19102776260016902,1
85.11366715168569,5,C,2.412615421612916,0
31.692200515627768,8,B,0.7846042878980238,1
16.94927466860925,2,C,-0.01926037973439464,0
55.68012624583501,4,C,-0.2628908292082677,1
93.6154774160781,7,B,0.02246589281204638,0
69.6029796674973,3,D,0.54711911517521,1
57.0061170089365,5,D,-1.1808128153088449,0
9.717649377076853,8,C,1.114321694668872,1
61.500722669916975,3,D,0.7153813154412441,1
99.00538501042632,4,D,0.7181857257079345,0
14.008401523652402,9,C,0.4384757388097273,1
51.832965236373674,7,D,0.019616657693989903,0
87.73730719279554,1,C,0.6728612359668199,0
74.07686177542044,4,A,0.591814133741378,1
69.7015740995268,4,B,-0.3540407109410238,0
70.24840839871092,9,B,-0.573601772896901,1
35.94911512197552,6,D,0.1018562952619867,1
29.359184426449335,9,D,1.5490201514951873,0
80.93611554785136,6,D,-1.2391070756539009,1
81.01133946791808,6,B,-1.46752526575244,0
86.70723185801037,5,A,0.16476084123651674,0
91.32405525564712,5,A,0.05088770185601806,1
51.13423988609378,2,B,0.1733416643704082,1
50.15162946871996,8,A,0.24395319790850026,0
79.82951789667752,8,B,-0.22320225463480511,0
64.99639307777652,1,A,1.4898634386020821,1
70.19668772577033,8,C,-1.6009039784765156,1
79.57926694361011,5,C,-0.828497024780246,1
89.00053418175663,2,B,-0.10325476014904739,1
33.79951568515358,2,A,-1.6431888111541673,0
37.5582952639944,6,D,-0.17585440443207118,1
9.3981939840869,9,A,1.6614701657280182,0
57.8280140996174,1,C,0.020886488295961788,0
3.5942273796742086,6,C,0.23070090571868349,1
46.55980181324602,9,A,-1.2601647651725802,0
54.26446347075766,8,A,-0.6163614080394775,1
28.65412521282844,6,D,-0.375196380323937,0
59.08332605690107,3,D,-0.31771509675623405,1
3.050024993904943,8,A,1.2816437950037687,0
3.7348188749214417,9,A,0.5576910607251245,0
82.26005606596583,1,A,-1.111457956937032,1
36.019064141126286,9,A,0.24650477843200488,1
12.706051265188478,6,B,0.49822174849678513,0
52.224326005480435,6,A,1.1401490385212665,0
76.99935530986109,4,D,1.5805406865683735,1
21.582102749684317,1,C,-1.0150941918278686,0
62.28904758190003,8,B,-0.8108575112103382,1
8.5347464993768,2,A,-1.2575778589146163,0
5.16817211686077,1,C,-0.23401985910698136,1
53.1354631568148,2,B,0.4663583744463345,0
54.06351216101065,1,C,0.9873345165891019,1
63.742990149820656,1,A,-0.07595102364252276,1
72.60913337226616,9,A,-0.31984752325484395,0
97.58520794625346,1,D,0.15175799224874037,1
51.630034830119534,4,A,-0.835142901630023,0
32.2956472941246,6,A,2.0895387216947734,1
79.51861947687037,7,B,-1.6076610271180587,1
27.083225126207424,2,D,0.18474057889572446,1
43.89714207056361,6,B,2.0236062192296393,0
7.845638134226595,7,C,0.006799844559997769,1
2.535074341545751,2,A,-0.19003903500149447,0
96.26484146779251,2,C,-0.3574454228104272,1
83.59801205122058,7,B,-0.18039168176240783,0
69.59742060936979,1,A,1.3728484746765302,0
40.89529444142699,8,A,-2.211861911329507,0
17.329432007084577,3,B,1.5334337012963255,1
15.643704267108605,6,B,-1.423957152450145,0
25.024289816459532,9,B,-0.2666523292344148,1
54.92266647061205,6,B,-0.42924442029866183,0
71.45959227000624,9,B,0.5885532697707198,0
66.01973767177313,7,A,-1.5981243518837476,0
27.993389694594285,9,B,0.46217266608194285,0
95.48652806631941,2,A,2.0243096232868525,1
73.78969166957685,8,A,-1.3631740045928105,0
55.43540525114007,8,B,0.18970616761039566,0
61.17207462343522,2,B,-0.6619821777966091,1
41.96000624277899,4,D,0.42588720619303577,0
24.773098950115745,7,A,0.01914777741575206,0
35.597267865126156,4,B,-0.6414869090443096,0
75.78461104643691,4,B,0.487872284871074,0
1.4393488629755868,6,B,1.804348109786743,1
11.607264050691624,6,D,-0.19090379172729868,1
4.600264202175275,3,D,0.7197579421481819,0
4.072880231897013,9,C,-1.2932729578711637,1
85.54605840110072,2,A,-0.9564363768180087,1
70.36578593800236,6,C,0.47240627788037737,0
47.41738290873252,7,B,1.484116028535965,1
9.783416065100148,9,D,0.35561334878566,0
49.16158751168324,3,D,-0.31305803052315434,1
47.34717707805657,3,C,-0.0007085945766459172,1
17.320186991001517,7,D,-1.2504077339697175,1
43.385164923797305,4,B,0.6045153263553668,0
39.85047343973734,8,D,0.8823330623234091,1
61.585009805221645,7,C,-0.45209033283308037,0
63.50936508676438,5,B,-0.4700421477595015,0
4.530400977204452,7,C,0.2658782296520485,1
37.46126146264712,3,D,-0.4367197360405955,0
62.58599157142364,2,C,-0.06613261462582246,1
50.31362585800877,6,C,2.0997217891665154,0
85.64898411883223,2,A,-0.24702570074599667,0
65.8693631618945,3,D,-0.3583401520212222,1
16.29344270814297,6,D,-0.6475418056351592,1
7.056874740042984,5,C,0.7441919714999368,1
64.24192782063156,8,A,-0.181224173218103,1
2.6511310541621813,9,D,-0.649373038321426,0
58.57755812734633,3,B,1.321304032273012,0
94.02302414249576,3,C,1.4196030045136372,0
57.5474177875879,3,D,-0.6004235657387051,1
38.816992620652194,6,B,-1.8665399513606162,0
64.32882184423532,1,D,1.0075136898369221,1
45.825289049151664,7,B,-0.684629825760004,0
54.56167893159349,1,C,0.7906255991627686,1
94.14648087765252,5,D,-1.9701038177118355,0
38.610263780077425,8,D,0.8925973382993092,0
96.11905638239142,4,A,-1.2111719292807812,1
90.53506419560637,5,C,0.7307641190665245,0
19.579113478929642,4,B,0.014273067836434106,1
6.9361300875165455,4,D,-0.9539394193966448,0
10.077800137742665,8,D,-0.4070363129267805,0
1.8221825651549728,2,B,0.6863184569567008,1
9.44429607559284,1,C,0.10589445311523424,1
68.30067734163569,3,A,0.5844129804724842,0
7.118864846022898,9,A,1.9764405845154855,0
31.89756302937613,4,D,-1.5642416117110514,0
84.48753109694546,5,B,1.617212574968624,0
2.3271935735825866,2,D,0.10435593752321293,0
81.44684825889358,4,B,-0.8987840483231282,0
28.185477477339994,2,A,-1.3303136257389898,1
11.816482762165625,2,C,-0.1891203907770335,1
69.67371653641507,4,B,0.9216501119244593,1
62.8942846779884,6,A,-0.12754912037753421,0
87.74720135270529,7,D,1.5111549302473475,0
73.50710438038858,3,B,-1.4511756900515589,0
80.34809303848486,3,C,-0.01208894784605456,1
28.203457257130648,6,D,-1.252393444413119,1
17.743954377972283,3,D,0.3636318826249679,0
75.06147516408583,2,A,0.8868873900973003,0
80.6834739267264,8,B,-0.42076179368105326,1
99.05051420006733,5,D,-2.6042138566271342,1
41.26176769114265,1,C,0.19894814679649453,1
37.201808579278314,3,B,0.4367385517335095,0
77.64129607419969,8,C,0.40429475496169764,0
34.08035402530179,4,D,1.235782191822154,0
93.07573256035647,7,C,-1.0710536796490489,1
85.84127518430118,2,A,0.6802161054504494,1
42.89940273750184,7,C,1.192507512477975,0
75.08710677914974,5,B,-1.7785875840065168,0
75.45428740846823,5,C,0.31965182591897723,1
10.31238688359326,6,C,-0.5041798310076715,0
90.25529066795667,9,A,-0.08152267310164589,1
50.525237244785714,6,C,0.34767648353833636,1
82.64574661077417,8,C,-0.4872285641135523,0
32.00496010306117,7,D,-0.6757080791616118,1
89.55232284962005,9,D,0.0341524174880246,0
38.92016787341631,4,B,-1.0872459388628026,1
1.083765148029836,2,D,-1.0858251288851855,1
90.53819764192636,7,D,0.6793732829565033,0
9.128667678613356,6,D,-1.148794035158656,1
31.93136375904149,1,D,0.6663125009092119,0
95.0061967050805,9,A,0.4625912928539512,0
95.06071469375561,9,D,-1.7258067287905967,1
57.34378881232861,2,A,-0.6775646523356551,0
63.183721216979926,3,A,1.1941094030473725,0
44.84455219783198,5,D,-0.9811655311396816,0
29.321077169806454,5,C,-0.46440426230938764,0
32.8664545369916,1,A,0.4620608932518965,0
67.25184560770384,8,C,0.7833905092825955,0
75.237452943768,8,C,-0.2515388860444957,1
79.15790437258485,4,D,-0.5975101946916416,0
78.96181427945538,7,B,1.4223698616985077,1
9.120610304869036,3,D,1.7388996637975789,1
49.442030470258146,6,B,0.9788580507817954,0
5.755876001664428,9,B,0.08531814256502405,1
54.95288823237355,1,D,-0.8082657216409264,1
44.1530501373377,5,D,-0.8304444065565653,0
88.77041827582998,4,B,0.5225141052657575,0
35.09150125520787,8,D,0.4183982208886837,0
11.706701642760587,1,B,1.4015985929464294,1
14.299168205283586,9,C,0.6504500925361392,1
76.15106317174723,6,D,-1.503080301759818,0
61.82180633162611,4,C,1.0519476177229186,0
10.112267612279025,9,A,-0.9980606273144129,1
8.410680611499743,5,C,-0.3839712719523516,1
70.096913145912,5,C,0.2502002062516945,1
7.276300636419353,5,B,1.9956674897839644,1
82.18600592903562,1,C,3.109918556005361,0
70.62422271564962,1,D,0.6067230591361827,1
8.134878064189976,8,B,-0.18319661872038787,1
8.483771408519193,8,A,0.5345056484805503,1
98.66395785011754,6,D,0.8876554258738361,1
37.427079575612034,4,A,-0.3206676255571917,0
37.06421470668909,2,C,1.7952113559123222,0
81.27995672575025,2,D,0.23007075919140207,1
94.72485773838586,9,D,0.49774308909139425,1
98.6001063822871,5,A,0.6659242520544614,0
75.33781852589416,4,D,0.4215866106144557,0
37.62595855309158,1,D,0.8389405004696122,1
8.350071669866876,7,D,-0.6172531865469232,1
77.71469159274368,3,C,-0.5583017539460305,0
55.840424973580504,6,A,-1.100154232971695,0
42.42220092469763,5,D,0.4395012306202264,0
90.6354385094736,5,B,0.7789365035121141,0
11.119748230615134,5,B,0.4577728661518858,0
49.262510429085914,1,B,1.6744924333475373,0
1.1353644767419069,1,B,-0.005596018829046555,1
46.86606419941263,3,C,0.6687416555925126,0
5.630327568183735,4,D,-1.0917008761393143,0
11.881791626807193,5,A,-0.387099702474401,0
11.752624677710488,2,D,0.6955377575657775,0
64.92103021160635,8,C,0.849102110743144,1
74.60448792654233,2,B,-0.29396694766418224,1
58.336876509715964,9,C,-0.07159925185806683,0
96.21725484745419,2,D,-1.5178737466808094,1
37.48705795237041,9,A,-0.3570292008066094,1
28.571208628186074,7,C,0.8903831635197862,1
86.85991281894603,8,A,0.5752050161065663,1
22.359583851945263,2,C,0.5006657213812097,1
96.32225394406113,7,A,0.04977368718096008,1
1.2154474689816341,6,A,0.007063158628176452,0
96.98788267076391,4,B,-0.6603211394734471,0
4.315991195057611,7,A,0.6988284202025348,0
89.11431136980711,4,B,0.4209729443893898,0
52.77011090862999,2,D,0.49201884799279927,0
99.29647961193004,7,D,-0.5260348426675804,1
7.379656473539886,8,B,-2.1533429198712444,0
55.38542844013208,2,B,1.0971527117536957,0
96.9302535619099,5,C,-0.47883745600840416,1
52.30978441701488,1,C,-0.8627757640431206,1
62.93986381352625,7,C,0.6934789119139937,0
69.57486889846172,8,D,-0.3920126399191296,1
45.454106476777326,6,C,1.0599363840466218,1
62.75580800840635,5,A,0.6170059495766975,1
58.43143119231002,6,A,0.6835693232004776,1
90.11580104909889,2,C,-1.3659557112005343,0
4.5446380341457875,1,A,1.2119439853864005,1
28.096318959223034,7,D,0.26125053123385605,0
95.04114840765587,7,A,-0.36927713924620315,0
89.02637838909163,2,D,0.14338846734225108,1
45.56567527857129,2,B,-1.77623523289832,1
62.013259780153675,1,B,0.40865281148067084,1
27.738118298113267,8,B,-1.0293715081820716,0
18.81211597237613,8,B,-1.3526702858435344,1
46.36984049399822,1,A,-1.5223591862178911,1
35.33522280260528,8,C,1.1126883749899252,1
58.365611185087204,9,A,-0.6292633936927887,1
7.773463696498483,4,D,1.5337277099164992,1
97.43948076661665,1,A,-0.5358014630522978,0
98.62107444796028,1,A,-1.7073579575929467,1
69.81617140197451,3,D,-1.1165244399486591,1
53.60963663441204,5,B,1.2358116200069387,1
30.952761628632775,5,B,-0.15589817793666752,0
81.37950197069486,9,B,-0.5482872964906009,1
68.47311725538793,2,C,0.1600182258527877,0
16.26169393448913,2,D,0.501782736167545,0
91.09271844938425,6,D,1.1173988159024608,1
82.2537242923169,9,A,1.4484992298929262,1
94.9799913291924,1,C,-0.35976864578908574,1
72.571950838836,9,B,-1.3260476860820383,0
61.34151959357899,9,C,-0.413465161123276,0
41.82430362906189,9,D,0.26028050658288615,0
93.27284833540132,5,D,-0.9637589262106109,0
86.60638895004084,9,A,-0.9571509148950429,0
4.521867010618941,4,A,0.34378788154988543,0
2.6366974497252005,2,D,-0.04865235157045115,1
37.64633668780496,6,B,0.03279699541158651,1
81.0553330781833,4,B,-0.7584953347000695,0
98.72761293149445,6,C,-0.23040071420576733,1
15.041689110352818,3,D,-0.9242331442683044,1
59.41307153521351,6,D,0.8901984111247868,0
38.08908566310215,2,B,1.0352493347237526,0
96.99143978146031,2,B,-1.8461878622380938,1
84.21189231357087,9,D,-0.92951086019241,0
83.83287047111378,7,A,-1.496529255090079,0
46.86931597949703,3,D,-0.6500239344068982,1
41.48195023376652,1,D,-0.08343796979036086,0
27.340707193070624,8,B,-1.44964521969853,1
5.6375496650927115,6,B,-0.9218598131253132,1
86.47223762550531,7,A,-1.0039573720814985,1
81.29010091300776,9,A,0.20726732939894396,1
99.97176732861305,5,C,0.06934433703625043,1
99.66368370739053,1,D,-0.7217375533372533,0
55.543170560262745,7,B,0.17682087213939798,0
76.89874151805105,5,A,-0.5466800845872654,0
94.47657298824281,3,C,-0.2716551103260533,0
84.96473906774115,9,C,1.673452090298537,1
24.734810174319765,1,B,1.340461051790348,1
45.05441353100935,1,B,-1.2995812369275976,0
12.915941515149498,1,C,0.8297324178791745,1
95.40510272587224,3,A,0.8113965544915921,0
60.617463445088006,6,C,-1.1482632887526183,0
22.864280550346272,3,D,0.8187776437548606,0
67.17006844058567,8,D,1.5379319184125528,1
61.81282404578958,2,B,-1.1225448062444139,1
35.81627180328405,9,A,-0.9175028210142636,1
11.355759219962902,3,A,1.0176614668435024,1
67.15731955927996,5,D,0.271495310825648,0
52.03077009037933,8,C,0.5514762752395233,1
77.23183917356393,2,B,0.3405892164004968,1
52.01635011119934,6,C,0.39069592092814415,1
85.21815003185401,5,C,-1.326472128311083,0
55.190683877448556,9,C,1.0473177066214483,0
56.093797153538624,5,A,1.1695899924277735,1
87.66536026583451,2,D,-0.22939074406802776,1
40.3482866212397,5,A,-0.04347694981386243,1
13.401522845064074,4,D,-1.5311075025557221,1
2.8782676313338973,7,B,0.5142547560178349,0
75.5137255673619,6,B,0.5720574417141441,1
62.03095513534647,2,C,-0.062191016999311004,1
70.40797680992236,5,D,1.1243533598705027,1
21.296416150891073,7,D,-0.3340772309799405,0
13.637147558676975,7,D,0.5646059258936003,0
1.4544665667881929,5,C,-1.0196643386921156,1
35.058755880659696,9,C,-0.02355215087423812,1
58.991768685463306,4,B,-0.17435425790283585,1
39.22440450997323,3,A,0.22530792204094158,1
43.747492202372904,4,D,-0.3695269288333586,1
90.41586944937484,5,D,-0.1314725956716678,0
34.82554670233004,6,A,0.8260471714415063,0
51.39894891598108,3,D,-0.43676423723821745,0
78.3653012741143,2,C,-1.6065771007386793,1
39.65427823212701,4,C,1.7495839042054206,0
62.20867002278735,5,D,1.3814540786904865,0
86.23637087467452,4,C,-1.2922626951056186,0
94.9520623657642,3,C,0.6897078052451944,1
14.707348092903793,8,D,-0.5029747705513431,1
92.65876251614944,4,B,0.26348721533105957,0
49.21162930795382,2,A,0.2942241290134937,1
25.824438829895836,2,C,-0.234407800316322,0
45.913575623826134,1,B,-0.7837656655863965,0
98.0032575285477,4,C,-0.6905410523162594,0
49.26180939928696,9,C,-0.9161919154812425,0
32.875161028750824,7,A,-0.8318222082304447,1
63.34008543167258,7,C,-0.06717829004935526,1
24.014561877819308,7,A,-0.7157599891107518,1
7.586332810866391,8,A,0.6820520657126199,1
12.887972191064922,1,A,1.4872461553359273,0
12.804583895777244,8,B,-0.580053241370043,1
15.190269351229436,4,D,0.23940450053537707,0
13.882717264941014,4,B,0.49968511030293383,1
64.08747448032146,4,D,0.4720022709192744,1
18.188008439914483,6,D,0.07595526791608741,1
34.56672833238632,7,A,0.7426824183597224,0
89.67884099060119,6,C,0.4822489526806572,0
47.39616402628724,1,A,-1.2376624223272978,0
66.75577385210272,8,C,0.8691560643892732,0
17.231987120162984,7,D,0.8872908372667421,1
19.228901880867078,6,A,-0.7632861041785816,0
4.086861626647886,6,C,0.03793783544760203,0
16.893506307216455,5,B,0.6833289928110694,1
27.85903390319586,6,C,-0.20931381957936157,1
17.70104842767468,9,A,1.0729780477660118,0
8.87025337570556,9,B,2.3638724946193608,1
12.06358711006008,8,C,-0.7859860326349823,0
46.077876803272574,9,C,-1.3810446031537749,1
20.63337184057925,8,C,0.30381859560487573,0
36.42698610480755,8,C,0.7215625051261435,0
50.34172708548569,1,C,-0.23086637384476896,0
69.03948286293652,5,B,1.4532606633210343,0
3.9312139841098936,4,D,-1.3386057997232488,0
79.94103989090426,2,B,0.6929186230316111,1
62.79003894909078,8,B,-0.6058608207588934,0
8.17590319488719,3,B,1.7193779062072967,0
87.35786241067773,4,D,1.9925153531681183,0
92.08724005318132,7,A,-0.7666565877833479,0
6.107795985486375,9,D,-0.5495571359085801,0
27.687764814720374,2,B,0.8595878869798019,1
80.62012797930613,3,C,-0.3871306497895146,1
74.82596903836584,4,C,-0.04541121793223822,0
18.45210193563773,1,B,0.02538842054241018,1
20.93493233367103,7,C,-1.9196731561976563,0
37.0472102791382,2,B,-0.01383774609423725,1
48.45229851910213,5,C,-0.6897277740641738,1
61.825477153029595,1,D,-0.493122822399772,0
36.891363956977244,3,A,1.4436320034688142,1
46.25347161331479,2,A,-1.2565068942792563,1
74.74709381337566,1,D,0.8132051867479773,0
3.66832028905979,7,D,-0.2789629303318085,0
25.243694434402077,5,B,-0.2797601684958344,1
71.33495858845524,1,B,0.7903718960517113,1
89.52068376871993,6,B,0.34005129456889044,1
51.167744211566614,5,C,0.570612997219531,0
53.211348526531566,3,B,0.9681846605328611,1
10.717201133977605,7,D,-0.33130838318332273,1
44.741236682345466,9,A,-0.6122367345077503,1
53.261726645502314,9,C,-1.085150526557798,0
24.247050363472965,9,B,-0.8254105299789551,0
26.924323094938096,2,C,2.9490944253087252,0
37.728416310462265,3,C,1.2446795807367868,0
2.007119777772637,7,B,-1.3510743662080213,1
32.20791655831783,5,C,-1.3224579567435701,0
21.144800699654464,2,A,0.4818660617184915,1
32.74973521779147,3,D,0.547264797377967,1
11.976213181925122,6,D,0.5488838353173644,1
89.0527280739895,7,A,-0.25495579355369785,1
59.359245355404866,9,C,-0.12545426000290022,0
67.91023191444896,1,B,0.3278795241593574,0
78.91712386073382,7,C,0.08589300629333041,0
49.84421989290573,8,A,-2.219300372747535,0
8.69202880874237,3,C,-0.22979963057519381,0
53.71065418185478,4,D,-0.8514064342603136,1
58.68411180208791,6,C,0.17521141890851205,0
74.54394741843299,7,A,2.98525900260341,0
43.16595462296794,4,D,0.3674816654743044,0
12.758030279556376,8,C,-0.3135296861723979,0
28.377590579872447,5,C,0.9218015019772522,1
36.30822963986351,1,D,0.4826878872092127,1
64.59172413316013,4,B,0.4200944904518413,1
57.077830466891186,3,D,0.606850593215671,1
35.60967258978462,9,B,2.0565435648295414,1
98.65152487929797,8,A,-1.1308884353259157,0
60.577481935688716,1,A,0.47363207681145447,1
23.72267917359945,6,D,-0.9263811299815384,1
10.178247262040374,9,D,0.5555126463422483,1
15.285913918433202,7,A,-0.9186865114860944,0
24.595772838450813,4,B,-0.4173668136050844,0
16.06813732595557,1,A,-0.2950899142379063,1
18.656702405130577,2,D,0.975816719344709,0
28.50951686938471,5,A,0.9184544439424138,0
17.33735952947548,5,D,-1.2457173764463845,1
89.67654246264252,8,D,0.054934110999848726,0
8.023374566164222,6,A,-0.7095798547491726,0
52.451138957025464,8,B,-1.2585049106753345,0
41.03968269896615,2,C,-0.21701705042437042,1
98.23786169086064,3,A,-0.3084827884558197,1
11.203890216805235,6,C,2.4267164863455224,1
39.785559904574164,3,A,0.43295982536069616,0
96.94704332753689,6,C,-1.3776175007542373,1
86.55071258939803,6,B,-0.5647740041709423,0
81.707207094928,2,B,1.0213832954293984,0
25.790282704493983,7,A,2.088442772869925,0
17.088758739006582,2,D,-1.5859833122379583,1
66.8643219924431,6,C,-1.879924385139045,1
92.93759891275857,1,D,1.8709651753717822,1
55.67628930139298,3,D,0.38961417737090387,1
57.161268946989985,2,D,-0.8682927318763665,0
27.997909366028416,7,B,0.5346290861224353,1
76.94929331919369,4,A,-2.6357477390168778,0
18.704374855752338,8,A,0.003375506597160999,1
32.367923640424365,6,B,0.32782117284308526,1
42.54364386164168,4,B,0.9242701395378298,1
50.7610378684455,5,A,-1.0138959522925377,0
24.240973241508023,9,D,0.08568716140335904,0
11.483682473920354,7,C,-0.9254246260595873,0
61.06200424416326,9,C,0.2553837556743171,0
28.863055324025577,7,C,-0.8953463223630241,0
58.123822142261226,1,D,-0.4081008391602206,1
15.436271527420232,8,A,-0.9958153947902291,0
48.114010185481746,4,B,0.651136241823657,0
53.258943255158584,3,A,0.8584511166566653,0
5.182353682242691,7,D,-0.2346205699574138,0
33.660427819392055,3,B,0.03823799496002834,1
13.441467693897424,8,D,-1.4485914146335441,0
6.337497047276774,6,C,-0.29967664800678706,1
98.99602323899452,5,C,-0.05020461704174478,1
32.235384497472296,4,D,2.620793091029975,1
80.98744458546349,8,B,-1.1119670257741636,0
25.464065476376383,8,B,1.4641772387524374,1
68.15027222239293,1,A,0.996858773465808,0
76.02278598896865,9,C,0.2806364044901364,0
59.56387406078443,5,A,1.7586204841951334,0
47.15761885501584,4,A,0.3721054726068629,0
41.18409141472685,6,D,0.3891591956679287,0
34.88682665429953,6,D,-0.053120653017545344,1
92.95291442478259,2,A,1.2235688824186275,1
83.06194077877291,8,C,1.0964692338108837,0
96.50269106665125,7,D,-0.6256772874962124,1
12.429722348554472,1,A,-1.3192471945987674,0
73.08674752036443,5,A,-0.20298063739565708,1
93.83404568210378,6,A,-0.8000385643976464,1
18.123306616566015,4,A,-0.0635245746153551,1
6.6496267366777495,2,A,1.2374381346841392,1
74.11206492900591,4,A,-0.45730165508679,1
57.44731131799119,1,D,-0.04282338131157488,0
84.1828776758272,7,C,0.058022734808395225,0
13.97723766262895,2,A,0.8484308822052846,1
79.52673118598902,2,B,-2.246889333984605,0
20.162732004774455,9,D,-0.6067002947652967,1
16.36559428657045,5,D,0.21128369227947272,0
16.426579793099293,2,A,1.2000789564268612,1
81.45747202313821,9,D,-0.49190244750620515,1
66.51972206962002,9,A,-1.876552706041874,1
52.30654247691193,1,C,0.6197114459661363,0
35.88304841235025,3,C,-0.6353623888256293,0
87.72005408131082,4,D,-1.1896666590903613,1
39.244510742263536,7,D,-0.6243453897132241,1
81.65994394715771,4,B,-0.18452535765584954,0
43.91349085702184,2,D,-0.6047446645382127,0
37.69444294249076,7,B,-2.205566057099069,0
46.26797856696064,6,C,0.8970661968871322,0
30.13778741641421,3,C,1.2748750412787222,0
74.76093801762511,6,A,0.6515219913395057,1
50.27203900924791,6,C,-1.1376856704248166,0
23.22126951468173,5,B,-0.20149153394751798,1
89.95745732745685,4,D,-0.006521315229458062,1
38.38912213732114,1,A,0.5987943895619102,0
54.35528611139886,6,B,0.6683404887180808,0
90.6472110964547,2,D,-0.7341737987784958,1
62.42379959139921,3,A,0.08199555641356042,0
11.689804070836407,8,C,0.4572804046152411,1
93.98321236134751,6,B,1.4558223221467665,0
62.770805307141785,3,D,0.7045065398247231,0
33.49056146570861,7,A,0.7890566873755189,0
13.927207266338726,4,A,0.08382662792936094,1
79.4025189270296,9,C,1.4104591452035038,0
62.00727559285135,5,D,0.4097627959594974,1
53.34610919763215,3,C,-0.8610879101735704,0
89.38925830509577,2,C,1.4033699701251907,1
78.85972112245308,2,D,0.6979032725390276,0
15.167487973275119,3,D,-0.4430440211284823,1
31.172206779554823,2,D,-0.47949296739924335,1
24.848913981446575,4,B,0.2965755451407618,1
74.3946292572677,2,D,0.4631847952675847,1
3.353243473577938,9,A,0.19729226563120644,1
56.98896848713165,2,C,0.3113086734428849,1
76.24586857406905,9,B,1.6999573745763805,0
87.67656367617495,6,D,1.0715431522348857,1
34.20817487159075,1,B,0.19063559126502433,1
82.12573046720128,4,D,0.9413105807674833,1
11.063173695520723,1,B,-1.0325239035275395,0
84.64522917345182,6,C,0.39792704994680894,0
12.748866233198243,4,C,1.80930634973311,0
39.72872905603673,3,A,-0.21804589539237385,1
79.72953657795536,3,A,-0.8476339286190848,0
14.991742734877377,9,D,-0.6520888885930607,0
22.92513952326415,6,C,-1.0896330373423884,1
72.22525683930662,9,B,-0.7847619081277034,1
72.00365365460743,5,B,-0.370508098590029,0
64.11476328852973,2,B,-1.405567019178642,1
69.39484444671,8,A,0.015618333949603047,1
54.27244433475962,5,B,0.9022771737866472,1
25.179905890695274,2,A,-0.9077561801469204,1
34.56959935039195,4,A,1.5192839236417688,0
18.159771680142565,9,D,0.5107920885275947,1
90.84505613336283,4,B,1.0305805856240573,0
58.339179476612046,4,B,-0.6578345538521371,0
40.08514167636399,2,C,0.8545252270666157,0
46.20058036441327,6,D,-1.091933900395313,0
94.72833396118153,2,C,0.8902475008365087,1
15.33514031160802,7,D,0.17183933979353122,1
58.62298320167972,3,B,0.5532512199847837,1
50.5888678884466,3,A,-1.1755946056248516,0
61.14542354346478,5,A,-0.8950698422766047,0
1.8110183820840509,3,A,0.5972282182533848,0
87.21239089441515,2,A,-0.9483480042242007,1
93.21182824836124,9,A,0.46320629209912306,0
56.51331835892089,2,C,-1.3671378064602457,1
69.66508238768922,2,D,0.8481742126666681,1
92.24993811772957,8,B,-1.232523314768509,1
70.72386343133986,9,C,0.5522999376795232,1
15.253904291426135,7,D,0.6256309336460009,0
57.62883601668132,3,A,-0.6967718184295749,1
60.67150463828559,9,D,0.5820265670847269,0
42.4130671302386,3,D,0.26044226333355597,1
73.64442356247228,5,A,-0.5388418561927383,0
93.43670147690149,9,A,-1.008554684076208,0
92.55685129067763,3,A,-1.962625691672579,1
45.08393714041321,7,B,0.3496500472996937,1
11.323804584075525,1,A,-1.5648027713620551,1
98.48411989623345,4,B,0.0953441994413082,0
83.88980864459342,4,A,-0.2634482160822491,1
12.466268120326685,7,B,0.6791427754381955,1
92.08418826173724,8,D,-0.3020454994898642,0
86.98963620621282,1,C,-0.3294477863470914,1
51.88380571260721,5,D,0.7318707042882956,0
59.127543574492925,7,D,0.3350580290841175,1
39.90027038701302,4,A,0.3161559571827783,0
5.476163882203133,4,B,0.46926758980852623,0
33.519724164590095,4,C,-1.5355721232071058,1
80.28534485980114,6,A,0.756788679986982,0
0.4632023004602859,7,A,0.6124687940136023,1
33.34991716911442,2,A,-1.0166831285764972,1
39.81686935909433,5,D,-0.2440804736742013,0
53.73956029379229,4,B,-0.039307287627631186,1
91.98556164127605,3,B,-0.1344967844017327,0
34.634599436596126,7,C,0.33385996656853467,0
34.69532018962277,6,B,1.4313667818311835,0
73.75012481097484,7,B,1.0817667276728287,0
45.221794088980715,5,A,-1.3122191934314063,0
22.460482293998197,6,A,0.6220699903060487,0
45.24395161326934,5,D,1.3289333195354096,0
14.085702037979985,7,A,0.38680852068920263,0
17.63869865062233,2,A,1.090980425185967,1
49.83677727394797,5,A,2.012270445700765,1
41.89254495045479,6,A,1.0237095461069814,0
91.48459010681,6,D,0.24930859564172886,1
36.23938991166331,5,A,1.0450884740847535,1
58.05883502780434,7,C,0.14488783309689118,1
63.22642879195304,8,C,0.02390304328495547,1
1.3094456588333636,7,C,-0.35141423571373254,1
66.35373720167107,5,C,1.5634133588321082,1
17.803596686975144,1,A,-0.8184286659420014,0
96.10703174694551,5,C,1.532367724678116,1
14.866272775311295,2,A,0.49986412374037137,1
41.462412372702374,5,D,-1.3993061748019415,1
8.534966807864386,5,C,0.3676492929914216,1
99.68742518459473,2,B,-2.100026507651624,0
50.21950103312426,5,C,0.6255080168310357,0
59.53850173200438,4,C,0.885231482988991,0
6.7076477388427485,1,A,-0.5923559556520536,0
74.99604703991778,3,C,0.12354769595558233,1
20.990559309558577,1,B,1.9541574337502863,0
89.80542894407138,5,A,-0.5057467042619367,0
20.513964048200716,4,A,-1.0589075870566005,0
19.068772066366655,7,D,1.4816634024625988,0
3.654966784809488,5,D,1.9625871905307948,1
47.206694510999924,4,C,0.0036956718478473255,0
56.48411332626164,2,D,1.0114630354083562,1
6.570863942835237,4,D,1.341475915530881,0
77.55276166950105,2,D,-0.742484232538384,1
45.32888347480276,8,A,-0.4853058353678683,1
52.439026932758004,3,A,1.230874513154735,0
44.07627469382282,9,A,1.6850142787085094,0
40.0763060875326,4,D,0.5628808601743548,0
55.96403313082179,6,A,-0.8798143535020543,0
15.52402459307125,5,D,1.9870611116994412,1
18.19281304952711,1,A,-0.5309708978119645,1
86.17856210135173,9,A,-0.33513778117145177,0
94.61154621336327,1,B,0.34233783448962146,0
37.330931627975296,8,C,1.5541604207147741,1
27.074467314355378,9,D,0.8539759765522237,0
64.39995432390158,9,B,0.41486550036191044,1
40.87341710980964,1,A,0.4632885301181062,0
2.538635566034486,2,D,0.04351466864346608,1
15.615259736619036,1,A,0.5581395145185063,1
71.59722288473975,2,C,-2.529560077694303,1
65.89239419101514,8,B,-0.29660745906979835,1
2.709599250348349,5,C,0.241321934916781,1
22.197216193294945,7,B,-1.151014083619507,0
23.10747965880714,2,A,0.38632331781156,1
67.18927435987284,8,C,-0.20447122098612153,0
1.9710537754364155,6,C,1.75547569831549,1
10.410858198457385,8,A,1.5730197252148563,1
79.99160853731894,1,C,-0.46580556911816284,0
17.85446620543336,1,D,-0.15083771156669531,0
65.27461078518748,7,B,-0.0739475656083926,0
23.81827810467265,8,B,-0.4516594761596227,0
9.944139275934516,3,B,0.19502498402812674,1
24.317219099945408,5,D,-0.7582820688875902,0
72.22669318556592,1,B,-1.1306153349375263,1
85.56964681062857,7,A,0.6227112239002686,0
83.02198645669915,5,C,0.6295295842218108,0
39.71835296184548,8,D,-0.8043157596599924,1
66.80851365706462,8,B,0.8953554307625996,1
20.498429541582098,9,A,-0.6315777291653314,0
29.314773026101328,7,C,0.2531652380379812,1
89.63358185211197,1,C,0.820344012612456,1
1.3001923510736035,3,D,-0.03361256470371301,1
8.550853085446807,8,D,0.4547409121411344,1
20.78862551460273,3,D,-0.5164296438875717,1
2.6532203873819715,8,A,-0.19646658342809717,1
18.143543508979732,1,A,-0.20585943088034037,1
58.304156096969216,5,D,-0.7465783465402389,1
42.1424550592498,4,B,-0.1767741631157821,0
89.26717110769748,5,C,-1.5486182988637467,1
81.7443561738441,8,C,-0.4911537471421047,0
34.1817351697876,4,A,-0.28487549336967083,1
25.94234334312925,4,C,-0.2561797524953801,1
37.96924081672669,3,B,-0.24149744587077882,1
59.02949425148078,7,C,-0.061764199860128925,1
26.806364082287626,3,A,0.4794415180860639,0
62.4148907849134,3,A,0.8745170741325226,0
40.941165219124045,5,B,-0.6497652268482671,1
55.204718085198024,5,B,-1.2032008553891445,0
43.61265291353167,6,C,-1.042044412243103,1
29.44657595419177,8,C,-0.48720292119492714,1
94.84533069621567,6,A,-0.3519213178165091,0
76.36057941597608,1,B,-0.7699960661974573,0
14.011317576645254,8,B,-1.2961166642498945,1
86.84679758979128,8,B,-0.4561208274741882,1
48.743119824951364,9,C,0.18142662011397137,0
89.45522268940914,9,B,0.5950294658355647,1
79.98552559473153,2,A,-0.5574230531083212,0
42.52135044692334,2,A,-0.41299782214343406,1
2.24693083201174,3,C,-0.9266983088473107,1
26.867735938494608,1,D,-0.03143917037477642,0
54.16342146608669,4,C,-0.8484286341908146,0
63.347821982614725,4,D,0.5731278132412001,0
25.788768543320227,9,B,-1.7858664919341112,1
13.935607407282413,9,C,-0.3596296724524624,1
83.4930236799299,9,A,0.3011073391917421,1
98.44021807035521,7,B,0.18383451632250436,1
52.56901823026858,2,A,2.6930336639804966,0
17.16792858483035,5,B,0.34980002456790754,1
27.230732651936897,4,C,-1.0040545968420103,1
1.8390676547466733,8,D,-0.09546424708907303,1
91.4298806560499,2,B,-1.7762463334664518,0
11.775108289014113,6,D,-0.08059974929676088,1
57.651647551425356,5,B,-0.8330560570007587,1
27.4055220687206,2,A,0.9153902755601617,0
55.417800251579344,1,A,-0.5495402745955349,1
65.14203883518643,8,B,-0.11676591579524663,1
82.97418037072016,2,D,-0.6355578414044034,0
20.64212717606032,7,C,1.7388513518533313,1
1.0995828658480478,9,C,-0.3212427661179117,1
13.688563006880727,9,A,1.8325570434792018,1
90.00186418481051,8,C,0.8141517621182666,0
87.38900775625153,9,A,0.48206672733538614,1
59.74131021703083,2,C,0.3687331473175197,1
60.051686043365336,6,B,0.39379729821625153,0
66.50366745462554,4,A,-1.92767257934561,0
17.53712786234496,4,A,-0.2788833941507565,1
91.44119459249598,5,B,0.8451579711843216,1
41.87705248920731,3,A,-0.04889718347410554,1
38.31385282494975,1,C,-1.405189846803575,1
51.89177052828376,8,C,-0.05240445057746945,0
4.696596677505505,5,A,1.7041055162554912,1
16.628336875607943,3,C,1.2468917155347194,0
73.80336164263704,7,D,-0.062004009366031745,0
8.279866792512646,7,A,0.9514492770580866,1
60.31521094663882,1,B,-0.36650702036805183,1
24.534910968132095,9,D,-1.703871586826719,0
38.929561404197656,2,A,-0.9244659881295544,0
28.869373677069987,5,B,1.5628887685081978,1
35.567271646494916,5,C,-0.2739930818293042,0
71.90459051842456,8,B,-0.24338397937501807,1
29.7121715623175,8,D,-0.29983819627488056,1
56.64046402968972,7,C,1.904136589573007,0
47.60504021990997,7,A,1.6259589153620633,0
66.36711653626482,6,C,2.218780233448134,1
93.6829739324758,6,A,-0.1590452104000513,0
73.25720972102503,9,A,0.29562448874709507,1
21.494037859075675,6,B,-1.5166425494207911,1
3.1183135061284672,2,B,1.4769344261182744,1
26.22640442998251,2,B,-1.167779551267935,0
59.507793070025485,5,D,0.2167755637626291,1
5.1425813484250344,4,D,-1.097302527632844,1
49.636624720123635,2,B,-0.5888668267386961,1
59.68428489168892,3,D,-0.8372624310497003,1
33.424389081696084,7,C,-0.6078752606758179,1
77.09122037458219,8,C,-0.5391227031489786,1
10.65982531337718,6,D,-0.5482687949250771,1
7.513778173580876,5,D,0.8333339117803071,1
72.81887562036033,1,C,-1.10486279306252,1
49.549131620619846,8,A,0.22054142701386686,1
68.84023964277361,3,C,1.2179591523055584,1
43.48273386037462,6,C,-0.513196364513396,0
24.640203323910683,3,D,-0.7179188907476018,1
81.91023176741997,7,C,-0.23052462518025083,1
79.94158789689793,7,D,1.1797252083607102,1
69.46964708544267,9,D,0.1941076309533577,0
27.21451372299627,5,B,-0.5312142946075985,1
59.023066686908706,8,C,0.48387665118803974,0
36.09738969400268,8,A,-1.1022921498364233,1
9.158207332663416,1,B,0.681359510442948,1
91.73135754622427,5,D,0.4086073077017676,0
13.68186309189614,3,D,-0.3078084711388841,1
95.02373538208025,1,A,-0.838585798447231,0
44.600577295795574,4,D,-0.8866809222834573,0
